{
    "name": "rCore Development",
    "dockerFile": "Dockerfile",
    "customizations": {
        "vscode": {
            "extensions": [
                "rust-lang.rust-analyzer",
                "ms-vscode.cpptools",
                "ms-azuretools.vscode-docker"
            ],
            "settings": {
                "rust-analyzer.checkOnSave.command": "clippy",
                "rust-analyzer.cargo.features": "all"
            }
        }
    },
    "remoteUser": "root",
    "workspaceMount": "source=${localWorkspaceFolder},target=/workspace,type=bind,consistency=cached",
    "workspaceFolder": "/workspace",
    "postCreateCommand": "rustup default nightly && rustup target add riscv64gc-unknown-none-elf",
    // 这里替换成自己的代理
    "runArgs": ["-e","HTTP_PROXY=http://192.168.1.1:7890","-e","HTTPS_PROXY=http://192.168.1.1:7890"]

} 